Nthreads, Throughput(Kops/sec),List_size, Workload,Runtime(sec)
1, 16.48,1024, (20/40/40),10
1,  6.65,8192, (20/40/40),10
2, 23.79,1024, (20/40/40),10
2,  9.94,8192, (20/40/40),10
4, 34.12,1024, (20/40/40),10
4, 14.82,8192, (20/40/40),10
8, 43.46,1024, (20/40/40),10
8, 20.32,8192, (20/40/40),10
16, 57.49,1024, (20/40/40),10
16, 28.21,8192, (20/40/40),10
32, 82.02,1024, (20/40/40),10
32, 40.47,8192, (20/40/40),10
64, 99.16,1024, (20/40/40),10
64, 51.87,8192, (20/40/40),10